{"step": 78099.0, "train_loss": 0.0349454209208488, "epoch": 415.0, "_timestamp": 1688308494.983548, "_runtime": 3.436591863632202, "_step": 2479, "valid_loss": 0.0363703444600105, "valid_MultilabelAccuracy": 0.9868168830871582, "valid_MultilabelExactMatch": 0.1346784830093383, "valid_MultilabelAveragePrecision": 0.3255861401557922, "valid_map_Abseiling": 0.999835968017578, "valid_map_Attacking": 0.9798228144645692, "valid_map_Attending": 0.8497375249862671, "valid_map_Barking": 0.994914710521698, "valid_map_Being Carried": 1.0, "valid_map_Being Carried In Mouth": 0.9940944910049438, "valid_map_Being Dragged": 0.9995078444480896, "valid_map_Being Eaten": 0.985892415046692, "valid_map_Biting": 0.9786745309829712, "valid_map_Building nest": 0.997867465019226, "valid_map_Calling": 0.9975393414497375, "valid_map_Camouflaging": 0.9993438124656676, "valid_map_Carrying": 0.9983595609664916, "valid_map_Carrying In Mouth": 0.9788385629653932, "valid_map_Chasing": 0.99688321352005, "valid_map_Chirping": 0.935367465019226, "valid_map_Climbing": 0.9921259880065918, "valid_map_Coiling": 0.999835968017578, "valid_map_Competing For Dominance": 0.999835968017578, "valid_map_Dancing": 0.9991797804832458, "valid_map_Dancing On Water": 0.9995078444480896, "valid_map_Dead": 0.997867465019226, "valid_map_Defecating": 0.987860918045044, "valid_map_Defensive Rearing": 0.9996719360351562, "valid_map_Detaching As A Parasite": 1.0, "valid_map_Digging": 0.9955708384513856, "valid_map_Displaying Defensive Pose": 0.990813672542572, "valid_map_Disturbing Another Animal": 0.9913057684898376, "valid_map_Diving": 0.9940944910049438, "valid_map_Doing A Back Kick": 0.9986876845359802, "valid_map_Doing A Backward Tilt": 0.998851716518402, "valid_map_Doing A Chin Dip": 0.9995078444480896, "valid_map_Doing A Face Dip": 0.9814632534980774, "valid_map_Doing A Neck Raise": 0.9962270259857178, "valid_map_Doing A Side Tilt": 1.0, "valid_map_Doing Push Up": 1.0, "valid_map_Doing somersault": 0.9996719360351562, "valid_map_Drifting": 0.9983595609664916, "valid_map_Drinking": 0.9852362275123596, "valid_map_Dying": 0.9986876845359802, "valid_map_Eating": 0.8802493214607239, "valid_map_Entering its nest": 0.998851716518402, "valid_map_Escaping": 0.9993438124656676, "valid_map_Exiting Cocoon": 0.9996719360351562, "valid_map_Exiting Nest": 0.9977034330368042, "valid_map_Exploring": 0.9854002594947816, "valid_map_Falling": 0.9895012974739076, "valid_map_Fighting": 0.9826115369796752, "valid_map_Flapping": 0.961614191532135, "valid_map_Flapping its ears": 0.9865485429763794, "valid_map_Flapping Tail": 0.999835968017578, "valid_map_Fleeing": 0.9940944910049438, "valid_map_Flying": 0.9535760879516602, "valid_map_Gasping For Air": 1.0, "valid_map_Getting Bullied": 0.9996719360351562, "valid_map_Giving Birth": 0.9995078444480896, "valid_map_Giving Off Light": 0.999835968017578, "valid_map_Gliding": 0.998851716518402, "valid_map_Grooming": 0.990813672542572, "valid_map_Hanging": 0.9993438124656676, "valid_map_Hatching": 0.999835968017578, "valid_map_Having A Flehmen Response": 0.9996719360351562, "valid_map_Hissing": 0.997047245502472, "valid_map_Holding Hands": 1.0, "valid_map_Hopping": 0.9981955289840698, "valid_map_Hugging": 0.9940944910049438, "valid_map_Immobilized": 0.998851716518402, "valid_map_Jumping": 0.9578412175178528, "valid_map_Keeping still": 0.7598425149917603, "valid_map_Landing": 0.9694882035255432, "valid_map_Lying Down": 1.0, "valid_map_Laying Eggs": 0.9993438124656676, "valid_map_Leaning": 0.999835968017578, "valid_map_Licking": 0.9995078444480896, "valid_map_Lying on its side": 0.995898962020874, "valid_map_Lying On Top": 0.9973753094673156, "valid_map_Manipulating Object": 0.9955708384513856, "valid_map_Molting": 1.0, "valid_map_Moving": 0.9235564470291138, "valid_map_Panting": 1.0, "valid_map_Pecking": 0.9981955289840698, "valid_map_Performing allo-grooming": 0.9965550899505616, "valid_map_Performing allo-preening": 0.999835968017578, "valid_map_Performing copulatory mounting": 0.9993438124656676, "valid_map_Performing Sexual Display": 0.994914710521698, "valid_map_Performing sexual exploration": 0.9993438124656676, "valid_map_Performing sexual pursuit": 1.0, "valid_map_Playing": 0.995734930038452, "valid_map_Playing Dead": 0.9996719360351562, "valid_map_Pounding": 1.0, "valid_map_Preening": 0.9402887225151062, "valid_map_Preying": 0.9985235929489136, "valid_map_Puffing its throat": 0.9993438124656676, "valid_map_Pulling": 0.999835968017578, "valid_map_Rattling": 0.9983595609664916, "valid_map_Resting": 0.9991797804832458, "valid_map_Retaliating": 0.9904855489730836, "valid_map_Retreating": 0.9945865869522096, "valid_map_Rolling": 0.9983595609664916, "valid_map_Rubbing its head": 0.998851716518402, "valid_map_Running": 0.970800518989563, "valid_map_Running On Water": 0.9983595609664916, "valid_map_Sensing": 0.7349081635475159, "valid_map_Shaking": 0.9803149700164796, "valid_map_Shaking Head": 0.9289698004722596, "valid_map_Sharing Food": 0.9944225549697876, "valid_map_Showing Affection": 0.998031497001648, "valid_map_Sinking": 0.999015748500824, "valid_map_Sitting": 0.9940944910049438, "valid_map_Sleeping": 0.9991797804832458, "valid_map_Sleeping in its nest": 0.9993438124656676, "valid_map_Spitting": 1.0, "valid_map_Spitting Venom": 0.9962270259857178, "valid_map_Spreading": 1.0, "valid_map_Spreading Wings": 0.991797924041748, "valid_map_Squatting": 0.9995078444480896, "valid_map_Standing": 0.9945865869522096, "valid_map_Standing in alert": 0.9985235929489136, "valid_map_Startled": 0.995734930038452, "valid_map_Stinging": 0.999835968017578, "valid_map_Struggling": 0.9922900199890136, "valid_map_Surfacing": 0.9977034330368042, "valid_map_Swaying": 0.9995078444480896, "valid_map_Swimming": 0.9719488024711608, "valid_map_Swimming In Circles": 0.999835968017578, "valid_map_Swinging": 0.9996719360351562, "valid_map_Tail Swishing": 1.0, "valid_map_Trapped": 0.9995078444480896, "valid_map_Turning Around": 0.9863845109939576, "valid_map_Undergoing Chrysalis": 0.999835968017578, "valid_map_Unmounting": 0.9996719360351562, "valid_map_Unrolling": 0.9996719360351562, "valid_map_Urinating": 0.9996719360351562, "valid_map_Walking": 0.8535104990005493, "valid_map_Walking On Water": 0.999835968017578, "valid_map_Washing": 0.9916338324546814, "valid_map_Waving": 0.9995078444480896, "valid_map_Wrapping Itself Around Prey": 0.9996719360351562, "valid_map_Wrapping Prey": 0.9993438124656676, "valid_map_Yawning": 0.996062994003296, "train_MultilabelAccuracy": 0.9865962266921996, "train_MultilabelExactMatch": 0.1171471402049064, "train_MultilabelAveragePrecision": 0.2838068902492523, "train_map_Abseiling": 0.999875009059906, "train_map_Attacking": 0.9784619212150574, "train_map_Attending": 0.8623979091644287, "train_map_Barking": 0.9974587559700012, "train_map_Being Carried": 0.999750018119812, "train_map_Being Carried In Mouth": 0.9947508573532104, "train_map_Being Dragged": 0.9996667504310608, "train_map_Being Eaten": 0.9866688847541808, "train_map_Biting": 0.981169819831848, "train_map_Building nest": 0.9975420832633972, "train_map_Calling": 0.9927928447723388, "train_map_Camouflaging": 0.9989168643951416, "train_map_Carrying": 0.9980836510658264, "train_map_Carrying In Mouth": 0.984127640724182, "train_map_Chasing": 0.997083842754364, "train_map_Chirping": 0.9177637100219728, "train_map_Climbing": 0.990209937095642, "train_map_Coiling": 0.999916672706604, "train_map_Competing For Dominance": 0.999750018119812, "train_map_Dancing": 0.9991667866706848, "train_map_Dancing On Water": 0.9996250867843628, "train_map_Dead": 0.9974170923233032, "train_map_Defecating": 0.9958757162094116, "train_map_Defensive Rearing": 0.999875009059906, "train_map_Detaching As A Parasite": 0.999916672706604, "train_map_Digging": 0.9948758482933044, "train_map_Displaying Defensive Pose": 0.9909598231315612, "train_map_Disturbing Another Animal": 0.9911681413650512, "train_map_Diving": 0.9962089657783508,