train_loss,epoch,step
0.04154929518699646,80,15049
0.03669077530503273,80,15099
0.04027483984827995,80,15149
0.04185688868165016,80,15199
