train_loss,epoch,step
0.43907976150512695,0,49
0.073232501745224,0,99
0.07260297983884811,0,149
